Time;RPS;Cumulative_Requests
0;1;1
1;0;1
2;0;1
3;0;1
4;0;1
5;0;1
6;0;1
7;0;1
8;0;1
9;0;1
10;0;1
11;0;1
12;0;1
13;0;1
14;0;1
15;0;1
16;0;1
17;0;1
18;0;1
19;0;1
20;0;1
21;0;1
22;0;1
23;0;1
24;0;1
25;0;1
26;0;1
27;0;1
28;0;1
29;0;1
30;0;1
31;0;1
32;0;1
33;0;1
34;1;2
35;0;2
36;0;2
37;0;2
38;0;2
39;0;2
40;0;2
41;0;2
42;0;2
43;0;2
44;0;2
45;0;2
46;0;2
47;0;2
48;0;2
49;0;2
50;0;2
51;0;2
52;0;2
53;0;2
54;0;2
55;0;2
56;0;2
57;0;2
58;0;2
59;0;2
60;0;2
61;0;2
62;0;2
63;0;2
64;0;2
65;0;2
66;1;3
67;0;3
68;0;3
69;0;3
70;0;3
71;0;3
72;0;3
73;0;3
74;0;3
75;0;3
76;0;3
77;0;3
78;0;3
79;0;3
80;0;3
81;0;3
82;0;3
83;0;3
84;0;3
85;0;3
86;0;3
87;0;3
88;0;3
89;0;3
90;0;3
91;0;3
92;0;3
93;1;4
94;0;4
95;0;4
96;0;4
97;0;4
98;0;4
99;0;4
100;0;4
101;0;4
102;0;4
103;0;4
104;1;5
105;0;5
106;0;5
107;0;5
108;0;5
109;0;5
110;0;5
111;0;5
112;0;5
113;0;5
114;0;5
115;0;5
116;0;5
117;0;5
118;0;5
119;0;5
120;0;5
121;0;5
122;0;5
123;0;5
124;0;5
125;0;5
126;0;5
127;0;5
128;0;5
129;0;5
130;0;5
131;0;5
132;0;5
133;0;5
134;0;5
135;0;5
136;0;5
137;0;5
138;0;5
139;0;5
140;1;6
141;0;6
142;0;6
143;0;6
144;0;6
145;0;6
146;0;6
147;0;6
148;0;6
149;0;6
150;1;7
151;0;7
152;0;7
153;0;7
154;0;7
155;0;7
156;0;7
157;0;7
158;1;8
159;0;8
160;0;8
161;0;8
162;0;8
163;0;8
164;0;8
165;0;8
166;0;8
167;1;9
168;0;9
169;0;9
170;0;9
171;0;9
172;0;9
173;0;9
174;0;9
175;0;9
176;0;9
177;0;9
178;0;9
179;0;9
180;0;9
181;0;9
182;0;9
183;0;9
184;0;9
185;0;9
186;0;9
187;0;9
188;0;9
189;0;9
190;0;9
191;0;9
192;0;9
193;1;10
194;0;10
195;0;10
196;0;10
197;0;10
198;0;10
199;0;10
200;0;10
201;0;10
202;0;10
203;0;10
204;0;10
205;0;10
206;1;11
207;0;11
208;0;11
209;0;11
210;0;11
211;0;11
212;0;11
213;0;11
214;0;11
215;0;11
216;1;12
217;0;12
218;0;12
219;0;12
220;0;12
221;0;12
222;0;12
223;0;12
224;0;12
225;0;12
226;0;12
227;0;12
228;0;12
229;0;12
230;0;12
231;0;12
232;0;12
233;0;12
234;0;12
235;0;12
236;0;12
237;0;12
238;0;12
239;0;12
240;0;12
241;0;12
242;0;12
243;0;12
244;0;12
245;0;12
246;0;12
247;0;12
248;0;12
249;0;12
250;0;12
251;0;12
252;0;12
253;0;12
254;1;13
255;0;13
256;0;13
257;0;13
258;0;13
259;0;13
260;0;13
261;0;13
262;0;13
263;0;13
264;0;13
265;0;13
266;0;13
267;0;13
268;0;13
269;0;13
270;0;13
271;0;13
272;0;13
273;0;13
274;0;13
275;0;13
276;0;13
277;0;13
278;0;13
279;0;13
280;0;13
281;0;13
282;0;13
283;0;13
284;0;13
285;0;13
286;0;13
287;0;13
288;0;13
289;0;13
290;0;13
291;0;13
292;0;13
293;0;13
294;0;13
295;0;13
296;0;13
297;0;13
298;0;13
299;1;14
300;0;14
301;0;14
302;0;14
303;0;14
304;0;14
305;0;14
306;0;14
307;0;14
308;0;14
309;0;14
310;0;14
311;0;14
312;0;14
313;0;14
314;0;14
315;0;14
316;0;14
317;0;14
318;0;14
319;0;14
320;0;14
321;0;14
322;0;14
323;0;14
324;0;14
325;0;14
326;0;14
327;0;14
328;0;14
329;0;14
330;0;14
331;0;14
332;0;14
333;0;14
334;0;14
335;0;14
336;0;14
337;0;14
338;0;14
339;1;15
340;0;15
341;0;15
342;0;15
343;0;15
344;0;15
345;0;15
346;0;15
347;0;15
348;0;15
349;0;15
350;0;15
351;0;15
352;0;15
353;0;15
354;0;15
355;0;15
356;0;15
357;0;15
358;0;15
359;0;15
360;0;15
361;0;15
362;0;15
363;0;15
364;0;15
365;0;15
366;0;15
367;0;15
368;0;15
369;0;15
370;0;15
371;0;15
372;0;15
373;0;15
374;0;15
375;0;15
376;0;15
377;0;15
378;0;15
379;0;15
380;0;15
381;0;15
382;0;15
383;0;15
384;0;15
385;0;15
386;0;15
387;0;15
388;0;15
389;0;15
390;0;15
391;0;15
392;0;15
393;0;15
394;0;15
395;0;15
396;0;15
397;0;15
398;0;15
399;0;15
400;0;15
401;0;15
402;0;15
403;0;15
404;1;16
405;0;16
406;0;16
407;0;16
408;0;16
409;0;16
410;0;16
411;0;16
412;0;16
413;0;16
414;0;16
415;0;16
416;0;16
417;0;16
418;0;16
419;1;17
420;0;17
421;0;17
422;0;17
423;0;17
424;0;17
425;0;17
426;0;17
427;0;17
428;0;17
429;0;17
430;0;17
431;0;17
432;0;17
433;0;17
434;0;17
435;0;17
436;0;17
437;0;17
438;0;17
439;0;17
440;0;17
441;0;17
442;0;17
443;0;17
444;0;17
445;0;17
446;0;17
447;0;17
448;0;17
449;0;17
450;0;17
451;0;17
452;0;17
453;0;17
454;0;17
455;0;17
456;0;17
457;0;17
458;0;17
459;0;17
460;0;17
461;0;17
462;0;17
463;0;17
464;0;17
465;0;17
466;0;17
467;0;17
468;0;17
469;0;17
470;0;17
471;0;17
472;0;17
473;0;17
474;0;17
475;0;17
476;0;17
477;0;17
478;0;17
479;0;17
480;0;17
481;0;17
482;0;17
483;0;17
484;0;17
485;0;17
486;0;17
487;0;17
488;0;17
489;1;18
490;0;18
491;1;19
492;0;19
493;0;19
494;0;19
495;0;19
496;0;19
497;0;19
498;0;19
499;0;19
500;0;19
501;0;19
502;0;19
503;0;19
504;0;19
505;0;19
506;0;19
507;0;19
508;1;20
509;0;20
510;0;20
511;0;20
512;0;20
513;0;20
514;0;20
515;0;20
516;0;20
517;0;20
518;0;20
519;0;20
520;0;20
521;0;20
522;0;20
523;0;20
524;0;20
525;0;20
526;0;20
527;0;20
528;0;20
529;0;20
530;0;20
531;0;20
532;0;20
533;0;20
534;0;20
535;0;20
536;0;20
537;0;20
538;0;20
539;0;20
540;0;20
541;0;20
542;0;20
543;0;20
544;0;20
545;0;20
546;0;20
547;0;20
548;0;20
549;0;20
550;0;20
551;0;20
552;0;20
553;0;20
554;0;20
555;1;21
556;0;21
557;0;21
558;0;21
559;0;21
560;0;21
561;0;21
562;0;21
563;0;21
564;0;21
565;0;21
566;0;21
567;0;21
568;0;21
569;0;21
570;0;21
571;0;21
572;0;21
573;0;21
574;0;21
575;0;21
576;0;21
577;0;21
578;0;21
579;0;21
580;0;21
581;0;21
582;0;21
583;0;21
584;0;21
585;0;21
586;0;21
587;0;21
588;0;21
589;0;21
590;0;21
591;0;21
592;0;21
593;0;21
594;0;21
595;0;21
596;0;21
597;0;21
598;0;21
599;0;21
600;0;21
601;0;21
602;0;21
603;0;21
604;0;21
605;0;21
606;0;21
607;0;21
608;0;21
609;1;22
610;0;22
611;0;22
612;0;22
613;0;22
614;0;22
615;0;22
616;0;22
617;0;22
618;0;22
619;0;22
620;0;22
621;0;22
622;0;22
623;0;22
624;0;22
625;0;22
626;0;22
627;0;22
628;0;22
629;0;22
630;0;22
631;0;22
632;0;22
633;0;22
634;0;22
635;0;22
636;1;23
637;0;23
638;0;23
639;0;23
640;0;23
641;0;23
642;0;23
643;0;23
644;0;23
645;0;23
646;0;23
647;0;23
648;0;23
649;0;23
650;0;23
651;0;23
652;0;23
653;0;23
654;0;23
655;0;23
656;0;23
657;0;23
658;0;23
659;0;23
660;0;23
661;0;23
662;1;24
663;0;24
664;0;24
665;0;24
666;0;24
667;0;24
668;0;24
669;0;24
670;0;24
671;0;24
672;0;24
673;0;24
674;0;24
675;0;24
676;0;24
677;0;24
678;0;24
679;0;24
680;0;24
681;0;24
682;0;24
683;0;24
684;0;24
685;0;24
686;0;24
687;0;24
688;0;24
689;0;24
690;0;24
691;0;24
692;0;24
693;0;24
694;0;24
695;0;24
696;0;24
697;0;24
698;0;24
699;0;24
700;0;24
701;0;24
702;0;24
703;0;24
704;0;24
705;0;24
706;0;24
707;0;24
708;0;24
709;0;24
710;0;24
711;0;24
712;0;24
713;0;24
714;0;24
715;0;24
716;0;24
717;0;24
718;0;24
719;0;24
720;1;25
721;0;25
722;0;25
723;1;26
724;0;26
725;0;26
726;0;26
727;0;26
728;0;26
729;0;26
730;0;26
731;0;26
732;0;26
733;0;26
734;0;26
735;0;26
736;0;26
737;0;26
738;0;26
739;0;26
740;0;26
741;0;26
742;0;26
743;0;26
744;0;26
745;0;26
746;0;26
747;1;27
748;0;27
749;0;27
750;0;27
751;0;27
752;0;27
753;0;27
754;0;27
755;0;27
756;0;27
757;0;27
758;0;27
759;0;27
760;0;27
761;0;27
762;0;27
763;0;27
764;0;27
765;0;27
766;0;27
767;0;27
768;0;27
769;0;27
770;0;27
771;0;27
772;0;27
773;0;27
774;0;27
775;0;27
776;0;27
777;1;28
778;0;28
779;1;29
780;0;29
781;0;29
782;0;29
783;0;29
784;0;29
785;0;29
786;0;29
787;0;29
788;0;29
789;0;29
790;0;29
791;0;29
792;1;30
793;0;30
794;1;31
795;0;31
796;0;31
797;0;31
798;0;31
799;0;31
800;0;31
801;0;31
802;0;31
803;0;31
804;0;31
805;0;31
806;0;31
807;0;31
808;0;31
809;0;31
810;0;31
811;0;31
812;0;31
813;1;32
814;0;32
815;0;32
816;0;32
817;0;32
818;0;32
819;0;32
820;0;32
821;0;32
822;0;32
823;0;32
824;1;33
825;0;33
826;0;33
827;0;33
828;0;33
829;0;33
830;0;33
831;0;33
832;0;33
833;0;33
834;0;33
835;0;33
836;0;33
837;0;33
838;0;33
839;0;33
840;0;33
841;0;33
842;0;33
843;0;33
844;0;33
845;0;33
846;0;33
847;0;33
848;0;33
849;0;33
850;0;33
851;0;33
852;0;33
853;0;33
854;0;33
855;1;34
856;0;34
857;0;34
858;1;35
859;0;35
860;0;35
861;0;35
862;0;35
863;0;35
864;0;35
865;0;35
866;0;35
867;0;35
868;0;35
869;0;35
870;0;35
871;0;35
872;0;35
873;0;35
874;0;35
875;0;35
876;0;35
877;0;35
878;0;35
879;0;35
880;0;35
881;0;35
882;0;35
883;0;35
884;0;35
885;0;35
886;0;35
887;0;35
888;0;35
889;0;35
890;0;35
891;0;35
892;0;35
893;0;35
894;0;35
895;0;35
896;0;35
897;1;36
